INSERT INTO Courses (Course_No, Course_Name, Section, Credits, PreReq, PreReq_2, CredReq, Course_Type, isComplete, Grade, Instructor) VALUES
('COMP1500', 'College Writing', 'GE', '3', NULL, NULL, NULL, 'Core', 'Y', 'TR', NULL),
('COMP2000', 'Advanced College Writing', 'GE', '3', 'COMP1500', NULL, NULL, 'Core', 'Y', 'A', 'DAG'),
('MATH1040', 'Algebra for College Students', 'GE', '3', 'MATH1030', NULL, NULL, 'Core', 'Y', 'A', 'NUN'),
('MATH1200', 'Precalculus', 'GE, M-IT', '3', 'MATH1040', NULL, NULL, 'Core', 'Y', 'A', 'KUMI'),
('SPAN1210', 'Elementary Spanish', 'GE', '3', NULL, NULL, NULL, 'Core', 'Y', 'A-', 'URR'),
('THEA1000', 'The Theatre Arts', 'GE', '3', NULL, NULL, NULL, 'Core', 'Y', 'A', 'HER'),
('PSYC1999', 'Prior Learning in Psychology', 'GE', '3', NULL, NULL, NULL, 'Core', 'Y', 'TR', NULL),
('SOCL1999', 'Prior Learning in Sociology', 'GE', '3', NULL, NULL, NULL, 'Core', 'Y', 'TR', NULL),
('MBIO1220', 'Introduction to Marine Biology', 'GE', '3', NULL, NULL, NULL, 'Core', 'Y', 'A', 'ALS'),
('PHYS1999', 'Prior Learning in Physics', 'GE', '3', NULL, NULL, NULL, 'Core', 'Y', 'TR', NULL),
('MATH2020', 'Applied Statistics', 'M-IT', '3', 'MATH1040', NULL, NULL, 'Core', 'Y', 'A', 'CAO'),
('CSIS1800', 'Introduction to Computer and Info Sciences', 'M-IT, M-CS', '3', NULL, NULL, NULL, 'Core', 'Y', 'B-', 'BAR'),
('CSIS2000', 'Introduction to Database Systems', 'M-IT', '3', NULL, NULL, NULL, 'Core', 'Y', 'A', 'HAR'),
('CSIS2101', 'Fundamentals of Computer Programming', 'M-IT', '4', 'MATH1040', NULL, NULL, 'Core', 'Y', 'B', 'KUMA'),
('CSIS3020', 'Web Programming and Design', 'M-IT', '3', 'CSIS2101', NULL, NULL, 'Core', 'Y', 'A', 'OCO'),
('CSIS3023', 'Legal and Ethical Aspects of Computers', 'M-IT, M-CS', '3', NULL, NULL, NULL, 'Core', 'Y', 'A', 'BAR'),
('CSIS3500', 'Networks and Data Communication', 'M-IT', '3', 'CSIS1800', 'MATH1040', NULL, 'Core', 'Y', 'B-', 'BAR'),
('CSIS4010', 'Computer Security', 'M-IT, M-CS', '3', 'CSIS2101', NULL, NULL, 'Core', 'Y', 'A-', 'LEI'),
('CSIS4311', 'Web Services and Systems', 'M-IT', '3', 'CSIS3020', NULL, NULL, 'Core', 'I', NULL , 'OCO'),
('CSIS4351', 'Human-Computer Interaction', 'M-IT', '3', 'CSIS2101', NULL, NULL, 'Core', 'Y', 'A-', 'BAR'),
('CSIS4501', 'Wireless Network Infrastructure', 'M-IT', '3', 'CSIS3500', NULL, NULL, 'Core', 'Y', 'B+', 'BAR'),
('TECH4900', 'Directed Project', 'M-IT', '3', NULL, NULL, '90', 'Core', 'Y', 'A', 'BAR'),
('CSIS1999-1', 'Prior Learning in Computer Science', 'M-IT', '2', NULL, NULL, NULL, 'Elective', 'Y', 'TR', NULL),
('CSIS1999-2', 'Prior Learning in Computer Science', 'M-IT', '2', NULL, NULL, NULL, 'Elective', 'Y', 'TR', NULL),
('CSIS1999-3', 'Prior Learning in Computer Science', 'M-IT', '2', NULL, NULL, NULL, 'Elective', 'Y', 'TR', NULL),
('CSIS1999-4', 'Prior Learning in Computer Science', 'M-IT', '2', NULL, NULL, NULL, 'Elective', 'Y', 'TR', NULL),
('CSIS3101', 'Advanced Computer Programming', 'M-IT', '4', 'CSIS2101', NULL, NULL, 'Elective', 'Y', 'C', 'KUMA'),
('TECH3300', 'System Analysis and Design', 'M-IT', '3', NULL, NULL, NULL, 'Elective', 'Y', 'A', 'OCO'),
('ARTS1800', 'Two Dimensional Design', 'M-GD', '3', NULL, NULL, NULL, 'Core', 'Y', 'TR', NULL),
('ARTS2410', 'Graphic Design I', 'M-GD', '3', NULL, NULL, NULL, 'Core', 'Y', 'TR', NULL),
('ARTS2450', 'Graphic Design II', 'M-GD', '3', 'ARTS2410', NULL, NULL, 'Core', 'Y', 'A', 'SCH'),
('ARTS3650', 'Typography', 'M-GD', '3', 'ARTS2410', NULL, NULL, 'Core', 'Y', 'TR', NULL),
('COMM3900', 'Web/Mobile Design for Comm', 'M-GD', '3', NULL, NULL, NULL, 'Elective', 'I', NULL, 'MAS'),
('ARTS4190', 'Advanced Practice in Graphic Design', 'M-GD', '3', 'ARTS3650', NULL, NULL, 'Elective', 'I', NULL, 'SCH'),
('CSIS3001', 'Introduction to Cybersecurity', 'M-CS', '3', NULL, NULL, NULL, 'Core', 'Y', 'A-', 'LEV'),
('TECH2020', 'Programming for Everyone', 'M-CS', '3', NULL, NULL, NULL, 'Core', 'Y', 'A', 'HAR'),
('TECH3100', 'Introduction to Data Science', 'M-CS', '3', 'MATH1040', NULL, NULL, 'Core', 'Y', 'A', 'HAR'),
('ARTS1200', 'Introduction to Drawing', 'OE', '3', NULL, NULL, NULL, 'Elective', 'Y', 'TR', NULL),
('ARTS1700', 'Fundamentals of Color', 'OE', '3', NULL, NULL, NULL, 'Elective', 'Y', 'TR', NULL),
('ARTS1999-1', 'Prior Learning in the Arts', 'OE', '2', NULL, NULL, NULL, 'Elective', 'Y', 'TR', NULL),
('ARTS1999-2', 'Prior Learning in the Arts', 'OE', '2', NULL, NULL, NULL, 'Elective', 'Y', 'TR', NULL),
('HIST1120', 'The West', 'OE', '3', NULL, NULL, NULL, 'Elective', 'Y', 'TR', NULL),
('MATH1000', 'Essential Mathematics', 'OE', '3', NULL, NULL, NULL, 'Elective', 'Y', 'TR', NULL),
('MATH1030', 'Intermediate Algebra', 'OE', '3', 'MATH1000', NULL, NULL, 'Elective', 'Y', 'B', 'NUN'),
('MGT1010', 'Intro to Business', 'OE', '3', NULL, NULL, NULL, 'Elective', 'Y', 'TR', NULL),
('NOVA1999', 'Prior Learning', 'OE', '1', NULL, NULL, NULL, 'Elective', 'Y', 'TR', NULL),
('TECH2010', 'Excel at Spreadsheets', 'OE', '3', NULL, NULL, NULL, 'Elective', 'I', NULL, 'MYE');

INSERT INTO Major_IT (Course_No, Course_Name, Credits, Requisite, PreReq, PreReq_2, CredReq, Course_Type, Status) VALUES
('MATH1200', 'Precalculus', '3', 'P', 'MATH1040', NULL, NULL, 'Core', 'C'),
('MATH2020', 'Applied Statistics', '3', 'P', 'MATH1040', NULL, NULL, 'Core', 'C'),
('CSIS1800', 'Introduction to Computer and Info Sciences', '3', NULL, NULL, NULL, NULL, 'Core', 'C'),
('CSIS2000', 'Introduction to Database Systems', '3', NULL, NULL, NULL, NULL, 'Core', 'C'),
('CSIS2101', 'Fundamentals of Computer Programming', '4', 'P', 'MATH1040', NULL, NULL, 'Core', 'C'),
('CSIS3020', 'Web Programming and Design', '3', 'P', 'CSIS2101', NULL, NULL, 'Core', 'C'),
('CSIS3023', 'Legal and Ethical Aspects of Computers', '3', NULL, NULL, NULL, NULL, 'Core', 'C'),
('CSIS3500', 'Networks and Data Communication', '3', 'P P2', 'CSIS1800', 'MATH1040', NULL, 'Core', 'C'),
('CSIS4010', 'Computer Security', '3', 'P', 'CSIS2101', NULL, NULL, 'Core', 'C'),
('CSIS4311', 'Web Services and Systems', '3', 'P', 'CSIS3020', NULL, NULL, 'Core', 'IP'),
('CSIS4351', 'Human-Computer Interaction', '3', 'P', 'CSIS2101', NULL, NULL, 'Core', 'C'),
('CSIS4501', 'Wireless Network Infrastructure', '3', 'P', 'CSIS3500', NULL, NULL, 'Core', 'C'),
('TECH4900', 'Directed Project', '3', 'C', NULL, NULL, '90', 'Core', 'C'),
('CSIS1999-1', 'Prior Learning in Computer Science', '2', NULL, NULL, NULL, NULL, 'Elective', 'TR'),
('CSIS1999-2', 'Prior Learning in Computer Science', '2', NULL, NULL, NULL, NULL, 'Elective', 'TR'),
('CSIS1999-3', 'Prior Learning in Computer Science', '2', NULL, NULL, NULL, NULL, 'Elective', 'TR'),
('CSIS1999-4', 'Prior Learning in Computer Science', '2', NULL, NULL, NULL, NULL, 'Elective', 'TR'),
('CSIS3101', 'Advanced Computer Programming', '4', 'P', 'CSIS2101', NULL, NULL, 'Elective', 'C'),
('TECH3300', 'System Analysis and Design', '3', NULL, NULL, NULL, NULL, 'Elective', 'C');

INSERT INTO Gen_Ed (Course_No, Course_Name, Credits, PreReq, Course_Type, Status) VALUES
('COMP1500', 'College Writing', '3', NULL, 'Core', 'TR'),
('COMP2000', 'Advanced College Writing', '3', 'COMP1500', 'Core', 'C'),
('MATH1040', 'Algebra for College Students', '3', 'MATH1030', 'Core', 'C'),
('MATH1200', 'Precalculus', '3', 'MATH1040', 'Core', 'C'),
('SPAN1210', 'Elementary Spanish', '3', NULL, 'Core', 'C'),
('THEA1000', 'The Theatre Arts', '3', NULL, 'Core', 'C'),
('PSYC1999', 'Prior Learning in Psychology', '3', NULL, 'Core', 'TR'),
('SOCL1999', 'Prior Learning in Sociology', '3', NULL, 'Core', 'TR'),
('MBIO1220', 'Introduction to Marine Biology', '3', NULL, 'Core', 'C'),
('PHYS1999', 'Prior Learning in Physics', '3', NULL, 'Core', 'TR');

INSERT INTO Minor_GD (Course_No, Course_Name, Credits, PreReq, Course_Type, Status) VALUES
('ARTS1800', 'Two Dimensional Design', '3', NULL, 'Core', 'TR'),
('ARTS2410', 'Graphic Design I', '3', NULL, 'Core', 'TR'),
('ARTS2450', 'Graphic Design II', '3', 'ARTS2410', 'Core', 'C'),
('ARTS3650', 'Typography', '3', 'ARTS2410', 'Core', 'TR'),
('COMM3900', 'Web/Mobile Design for Comm', '3', NULL, 'Elective', 'IP'),
('ARTS4190', 'Advanced Practice in Graphic Design', '3', 'ARTS3650', 'Elective', 'IP');

INSERT INTO Minor_CS (Course_No, Course_Name, Credits, PreReq, Course_Type, Status) VALUES
('CSIS1800', 'Introduction to Computer and Info Sciences', '3', NULL, 'Core', 'C'),
('TECH2020', 'Programming for Everyone', '3', NULL, 'Core', 'C'),
('CSIS3001', 'Introduction to Cybersecurity', '3', NULL, 'Core', 'C'),
('CSIS3023', 'Legal and Ethical Aspects of Computers', '3', NULL, 'Core', 'C'),
('TECH3100', 'Introduction to Data Science', '3', 'MATH1040', 'Core', 'C'),
('CSIS4010', 'Computer Security', '3', 'CSIS2101', 'Core', 'C');

INSERT INTO Open_El (Course_No, Course_Name, Credits, Course_Type, Status) VALUES
('ARTS1200', 'Introduction to Drawing', '3', 'Elective', 'TR'),
('ARTS1700', 'Fundamentals of Color', '3', 'Elective', 'TR'),
('ARTS1999-1', 'Prior Learning in the Arts', '2', 'Elective', 'TR'),
('ARTS1999-2', 'Prior Learning in the Arts', '2', 'Elective', 'TR'),
('HIST1120', 'The West', '3', 'Elective', 'TR'),
('MATH1000', 'Essential Mathematics', '3', 'Elective', 'TR'),
('MATH1030', 'Intermediate Algebra', '3', 'Elective', 'C'),
('MGT1010', 'Intro to Business', '3', 'Elective', 'TR'),
('NOVA1999', 'Prior Learning', '1', 'Elective', 'TR'),
('TECH2010', 'Excel at Spreadsheets', '3', 'Elective', 'IP');

INSERT INTO Trans_Cr (Course_No, Course_Name, Institution, Institution_No) VALUES
('ARTS1200', 'Introduction to Drawing', 'Art Institute', 'FNDA110'),
('ARTS1700', 'Fundamentals of Color', 'Art Institute', 'FNDA150'),
('ARTS1800', 'Two Dimensional Design', 'Art Institute', 'FNDA105'),
('ARTS1999-1', 'Prior Learning in the Arts', 'Art Institute', 'GE2024'),
('ARTS1999-2', 'Prior Learning in the Arts', 'Art Institute', 'GWDA105'),
('ARTS2410', 'Graphic Design I', 'Art Institute', 'GWDA103'),
('ARTS3650', 'Typography', 'Art Institute', 'GWDA112'),
('COMP1500', 'College Writing', 'Broward College', 'ENC1101'),
('CSIS1999-1', 'Prior Learning in Computer Science', 'Art Institute', 'GWDA263'),
('CSIS1999-2', 'Prior Learning in Computer Science', 'Art Institute', 'GWDA133'),
('CSIS1999-3', 'Prior Learning in Computer Science', 'Art Institute', 'GWDA123'),
('CSIS1999-4', 'Prior Learning in Computer Science', 'Art Institute', 'GWDA202'),
('HIST1120', 'The West', 'Broward College', 'EUH1000'),
('MATH1000', 'Essential Mathematics', 'Devry', 'MATH092'),
('MGT1010', 'Introduction to Business', 'Devry', 'BUSN115'),
('NOVA1999', 'Prior Learning', 'AARTS', NULL),
('PHYS1999', 'Prior Learning in Physics', 'Saint Leo', 'SCI101'),
('PSYC1999', 'Prior Learning in Psychology', 'Art Institute', 'GE0054'),
('SOCL1999', 'Prior Learning in Sociology', 'Devry', 'SOCS185');

INSERT INTO Grades (Course_No, Course_Name, Grade, GPA) VALUES
('ARTS2450', 'Graphic Design II', 'A', '4.0'),
('CSIS1800', 'Introduction to Computer and Info Science', 'B-', '2.8'),
('CSIS2000', 'Introduction to Database Systems', 'A', '4.0'),
('CSIS3023', 'Legal and Ethical Aspects of Computers', 'A', '3.9'),
('MATH1030', 'Intermediate Algebra', 'B', '3.0'),
('COMP2000', 'Advanced College Writing', 'A', '4.0'),
('MATH1040', 'Algebra for College Students', 'A', '4.0'),
('MBIO1220', 'Introduction to Marine Biology', 'A', '4.0'),
('SPAN1210', 'Elementary Spanish I', 'A-', '3.9'),
('TECH2020', 'Programming for Everyone', 'A', '4.0'),
('THEA1000', 'Introduction to Theatre', 'A', '4.0'),
('MATH2020', 'Applied Statistics', 'A', '4.0'),
('CSIS3500', 'Networks and Data Communication', 'B-', '3.1'),
('TECH3100', 'Introduction to Data Science', 'A', '4.0'),
('MATH1200', 'Precalculus', 'A', '4.0'),
('CSIS2101', 'Fundamentals of Computer Programming', 'B', '3.3'),
('CSIS4351', 'Human-Computer Interaction', 'A-', '3.8'),
('CSIS4501', 'Wireless Network Infrastructure', 'B+', '3.5'),
('CSIS3101', 'Advanced Computer Programming', 'C', '2.0'),
('CSIS3001', 'Introduction to Cybersecurity', 'A-', '3.8'),
('CSIS4010', 'Computer Security', 'A-', '3.8'),
('TECH4900', 'Directed Project', 'A', '4.0'),
('CSIS3020', 'Web Programming and Design', 'A', '4.0'),
('TECH3300', 'System Analysis and Design', 'A', '4.0');

INSERT INTO Instructor (ID, Last_Name, Email, Rating, Department) VALUES
('BAR', 'Barreto', NULL, NULL, 'CCE'),
('SCH', 'Schumy', NULL, NULL, 'HCAS'),
('DAG', 'DAgostino', NULL, NULL, 'HCAS'),
('HAR', 'Harward', NULL, NULL, 'CCE'),
('OCO', 'OConnor', NULL, NULL, 'CCE'),
('NUN', 'Nunez', NULL, NULL, 'HCAS'),
('KUMI', 'Kumar, I.', NULL, NULL, 'HCAS'),
('CAO', 'CAO', NULL, NULL, 'HCAS'),
('ALS', 'Alshuth', NULL, NULL, 'HCAS'),
('LEV', 'Levy', NULL, NULL, 'CCE'),
('LEI', 'Lei', NULL, NULL, 'CCE'),
('KUMA', 'Kumar, A.', NULL, NULL, 'CCE'),
('MYE', 'Myers', NULL, NULL, 'CCE'),
('MAS', 'Mason', NULL, NULL, 'HCAS'),
('HER', 'Hernandez', NULL, NULL, 'HCAS'),
('URR', 'Urrechaga', NULL, NULL, 'HCAS');